Email,Status,Error
Randomx01,Success,
Randomx03,Success,
Randomx04,Success,
Randomx05,Success,
Randomx06,Success,
Randomx07,Success,
Randomx08,Success,
Randomx09,Success,
Randomx10,Success,
Randomx11,Success,
Randomx12,Success,
haianh12071,Success,
haianh12072,Success,
haianh12073,Success,
haianh12074,Success,
haianh12075,Success,
haianh12076,Success,
haianh12077,Success,
haianh12078,Success,
haianh12079,Success,
haianh1208,Success,
haianh12081,Success,
haianh12082,Success,
haianh12083,Success,
haianh12084,Success,
haianh12085,Success,
haianh12086,Success,
haianh12087,Success,
haianh12088,Success,
haianh12089,Success,
haianh12092,Success,
haianh12094,Success,
haianh12095,Success,
haianh12096,Success,
haianh12097,Success,
haianh12098,Success,
haianh12099,Success,
s43001,Success,
s43002,Success,
s43003,Success,
s43004,Success,
s43005,Success,
s43006,Success,
s43007,Success,
s43010,Success,
s43011,Success,
s43013,Success,
s43014,Success,
s43015,Success,
s43016,Success,
s43017,Success,
s43019,Success,
s43020,Success,
s43021,Success,
s43022,Success,
s43023,Success,
s43024,Success,
s43025,Success,
s43026,Success,
s43027,Success,
s43028,Success,
s43029,Success,
s43030,Success,
s43031,Success,
s43032,Success,
s43033,Success,
s43034,Success,
Iloveyoupussy12,Success,